rank,handle,channel,subscribers,subscribers_display,total_views,total_views_display,videos_display,us_lean,lean_note,source
1,cnn,CNN,19800000,19.8M,21420000000,21.42B,186.63K,Left,Left-leaning cable/news,SocialBlade US News & Politics top 100 by subscribers (fetched 2026-09-12)
2,abcnews,ABC News,19800000,19.8M,18910000000,18.91B,119.62K,Center/Institutional,Institutional/center news,SocialBlade US News & Politics top 100 by subscribers (fetched 2026-09-12)
3,foxnews,Fox News,15500000,15.5M,26710000000,26.71B,144.1K,Right,Right-leaning cable/news,SocialBlade US News & Politics top 100 by subscribers (fetched 2026-09-12)
4,dallmyd,DALLMYD,13800000,13.8M,2210000000,2.21B,481,Non-political / other,,SocialBlade US News & Politics top 100 by subscribers (fetched 2026-09-12)
5,insideedition,Inside Edition,13800000,13.8M,25870000000,25.87B,37.33K,Center/Institutional,Entertainment news (nonpartisan),SocialBlade US News & Politics top 100 by subscribers (fetched 2026-09-12)
6,vox,Vox,12700000,12.7M,3850000000,3.85B,2.39K,Left,Left-leaning explanatory,SocialBlade US News & Politics top 100 by subscribers (fetched 2026-09-12)
7,businessinsider,Business Insider,10600000,10.6M,6680000000,6.68B,8.12K,Center/Institutional,Business news,SocialBlade US News & Politics top 100 by subscribers (fetched 2026-09-12)
8,nmasunivision,N+ UNIVISION,10400000,10.4M,6300000000,6.3B,98.91K,Non-US / International,Not coded as US left/right,SocialBlade US News & Politics top 100 by subscribers (fetched 2026-09-12)
9,msnow,MS NOW,9980000,9.98M,21140000000,21.14B,120.31K,Left,Left-leaning cable/news,SocialBlade US News & Politics top 100 by subscribers (fetched 2026-09-12)
10,24newshd,24 News HD,9590000,9.59M,4570000000,4.57B,233.92K,Non-US / International,Not coded as US left/right,SocialBlade US News & Politics top 100 by subscribers (fetched 2026-09-12)
11,noticias,Noticias Telemundo,9320000,9.32M,6480000000,6.48B,111.58K,Non-US / International,Not coded as US left/right,SocialBlade US News & Politics top 100 by subscribers (fetched 2026-09-12)
12,vicenews,VICE News,9300000,9.3M,3490000000,3.49B,6.98K,Left,Left-leaning news,SocialBlade US News & Politics top 100 by subscribers (fetched 2026-09-12)
13,alofokeradioshow,Alofokeradioshow,9090000,9.09M,2600000000,2.6B,8.59K,Non-US / International,Not coded as US left/right,SocialBlade US News & Politics top 100 by subscribers (fetched 2026-09-12)
14,dbcnewstv,DBC NEWS,8430000,8.43M,5010000000,5.01B,243.21K,Non-US / International,Not coded as US left/right,SocialBlade US News & Politics top 100 by subscribers (fetched 2026-09-12)
15,noticiascaracol,Noticias Caracol,7940000,7.94M,4590000000,4.59B,137.11K,Non-US / International,Not coded as US left/right,SocialBlade US News & Politics top 100 by subscribers (fetched 2026-09-12)
16,turningpointusa,Turning Point USA,7670000,7.67M,3530000000,3.53B,8.03K,Right,Right activist,SocialBlade US News & Politics top 100 by subscribers (fetched 2026-09-12)
17,usatoday,USA TODAY,7560000,7.56M,5230000000,5.23B,36.5K,Center/Institutional,Institutional/center news,SocialBlade US News & Politics top 100 by subscribers (fetched 2026-09-12)
18,cbsnews,CBS News,7080000,7.08M,6710000000,6.71B,155.02K,Center/Institutional,Institutional/center news,SocialBlade US News & Politics top 100 by subscribers (fetched 2026-09-12)
19,showcarlosduran,El Show De Carlos Durán,6990000,6.99M,1590000000,1.59B,1.44K,Non-US / International,,SocialBlade US News & Politics top 100 by subscribers (fetched 2026-09-12)
20,benshapiro,Ben Shapiro,6980000,6.98M,4790000000,4.79B,10.8K,Right,Right commentary,SocialBlade US News & Politics top 100 by subscribers (fetched 2026-09-12)
21,newscentraltoday,News Central,6960000,6.96M,755650000,755.65M,42.63K,Non-US / International,,SocialBlade US News & Politics top 100 by subscribers (fetched 2026-09-12)
22,theyoungturks,The Young Turks,6720000,6.72M,7540000000,7.54B,73.4K,Left,Left commentary,SocialBlade US News & Politics top 100 by subscribers (fetched 2026-09-12)
23,wsj,The Wall Street Journal,6690000,6.69M,2600000000,2.6B,28.94K,Center/Institutional,Institutional/center-right business news,SocialBlade US News & Politics top 100 by subscribers (fetched 2026-09-12)
24,realcandaceo,Candace Owens,6080000,6.08M,1560000000,1.56B,1.85K,Right,Right commentary,SocialBlade US News & Politics top 100 by subscribers (fetched 2026-09-12)
25,realcharliekirk,Charlie Kirk,5890000,5.89M,1380000000,1.38B,2.38K,Right,Right commentary,SocialBlade US News & Politics top 100 by subscribers (fetched 2026-09-12)
26,alrojovivo,Al Rojo Vivo,5680000,5.68M,3500000000,3.5B,66.66K,Non-US / International,,SocialBlade US News & Politics top 100 by subscribers (fetched 2026-09-12)
27,livenowfox,LiveNOW from FOX,5620000,5.62M,4910000000,4.91B,33.23K,Right,,SocialBlade US News & Politics top 100 by subscribers (fetched 2026-09-12)
28,forbesbreakingnews,Forbes Breaking News,5600000,5.6M,7450000000,7.45B,184.9K,Unclear,,SocialBlade US News & Politics top 100 by subscribers (fetched 2026-09-12)
29,cnnee,CNN en Español,5590000,5.59M,2040000000,2.04B,27K,Left,Left-leaning cable/news,SocialBlade US News & Politics top 100 by subscribers (fetched 2026-09-12)
30,mytruecrimenews,True Crime News,5570000,5.57M,2690000000,2.69B,4.43K,Non-political / other,,SocialBlade US News & Politics top 100 by subscribers (fetched 2026-09-12)
31,pbsnewshour,PBS NewsHour,5360000,5.36M,3220000000,3.22B,62.95K,Center/Institutional,,SocialBlade US News & Politics top 100 by subscribers (fetched 2026-09-12)
32,briantylercohen,Brian Tyler Cohen,5250000,5.25M,5460000000,5.46B,8.66K,Left,Left commentary,SocialBlade US News & Politics top 100 by subscribers (fetched 2026-09-12)
33,nowthisimpact,NowThis Impact,5210000,5.21M,5180000000,5.18B,26.89K,Left,,SocialBlade US News & Politics top 100 by subscribers (fetched 2026-09-12)
34,newtothestreettv,New to The Street TV,5200000,5.2M,99410000,99.41M,2.26K,Non-political / other,,SocialBlade US News & Politics top 100 by subscribers (fetched 2026-09-12)
35,dramaalert,DramaAlert,5200000,5.2M,1270000000,1.27B,1.18K,Non-political / other,,SocialBlade US News & Politics top 100 by subscribers (fetched 2026-09-12)
36,business,Bloomberg Originals,5150000,5.15M,1200000000,1.2B,49.49K,Center/Institutional,,SocialBlade US News & Politics top 100 by subscribers (fetched 2026-09-12)
37,eliashossain,Elias Hossain,5030000,5.03M,347910000,347.91M,333,Non-US / International,,SocialBlade US News & Politics top 100 by subscribers (fetched 2026-09-12)
38,midwestsafety,Midwest Safety,4700000,4.7M,3070000000,3.07B,1.08K,Non-political / other,,SocialBlade US News & Politics top 100 by subscribers (fetched 2026-09-12)
39,associatedpress,Associated Press,4650000,4.65M,4540000000,4.54B,203.65K,Center/Institutional,,SocialBlade US News & Politics top 100 by subscribers (fetched 2026-09-12)
40,frontline,FRONTLINE PBS | Official,4480000,4.48M,997410000,997.41M,1.27K,Center/Institutional,,SocialBlade US News & Politics top 100 by subscribers (fetched 2026-09-12)
41,reuters,Reuters,4310000,4.31M,2420000000,2.42B,88.87K,Center/Institutional,,SocialBlade US News & Politics top 100 by subscribers (fetched 2026-09-12)
42,megynkelly,Megyn Kelly,4150000,4.15M,3380000000,3.38B,15.89K,Right,,SocialBlade US News & Politics top 100 by subscribers (fetched 2026-09-12)
43,donaldjtrumpforpresident,Donald J Trump,3960000,3.96M,933880000,933.88M,4.36K,Right,Right politician,SocialBlade US News & Politics top 100 by subscribers (fetched 2026-09-12)
44,currenttimetv,Настоящее Время,3930000,3.93M,2550000000,2.55B,23.59K,Non-US / International,,SocialBlade US News & Politics top 100 by subscribers (fetched 2026-09-12)
45,moreperfectunion,More Perfect Union,3930000,3.93M,807230000,807.23M,1.94K,Left,Left progressive,SocialBlade US News & Politics top 100 by subscribers (fetched 2026-09-12)
46,kantipurtvhd,Kantipur TV HD,3780000,3.78M,1180000000,1.18B,94.55K,Non-US / International,,SocialBlade US News & Politics top 100 by subscribers (fetched 2026-09-12)
47,voanews,Voice of America,3780000,3.78M,1590000000,1.59B,51.27K,Non-US / International,,SocialBlade US News & Politics top 100 by subscribers (fetched 2026-09-12)
48,france24_en,FRANCE 24 English,3670000,3.67M,1710000000,1.71B,127.92K,Non-US / International,,SocialBlade US News & Politics top 100 by subscribers (fetched 2026-09-12)
49,thedavidpakmanshow,David Pakman Show,3660000,3.66M,3800000000,3.8B,44.57K,Left,Left commentary,SocialBlade US News & Politics top 100 by subscribers (fetched 2026-09-12)
50,cruxnews,CRUX,3470000,3.47M,2180000000,2.18B,43.74K,Non-US / International,,SocialBlade US News & Politics top 100 by subscribers (fetched 2026-09-12)
51,mattwalsh,Matt Walsh,3460000,3.46M,1550000000,1.55B,7.51K,Right,,SocialBlade US News & Politics top 100 by subscribers (fetched 2026-09-12)
52,codebluecam,Code Blue Cam,3410000,3.41M,1300000000,1.3B,527,Non-political / other,,SocialBlade US News & Politics top 100 by subscribers (fetched 2026-09-12)
53,cnbctelevision,CNBC Television,3400000,3.4M,2660000000,2.66B,158.85K,Center/Institutional,,SocialBlade US News & Politics top 100 by subscribers (fetched 2026-09-12)
54,foxbusiness,Fox Business,3390000,3.39M,5110000000,5.11B,92.36K,Right,,SocialBlade US News & Politics top 100 by subscribers (fetched 2026-09-12)
55,democracynow,Democracy Now!,3390000,3.39M,1360000000,1.36B,19.61K,Left,Left independent news,SocialBlade US News & Politics top 100 by subscribers (fetched 2026-09-12)
56,mizzimanewstv,MizzimaTV,3340000,3.34M,2029999999,2.03B,74.49K,Non-US / International,Not coded as US left/right,SocialBlade US News & Politics top 100 by subscribers (fetched 2026-09-12)
57,unitednations,United Nations,3320000,3.32M,493730000,493.73M,20.94K,Non-US / International,,SocialBlade US News & Politics top 100 by subscribers (fetched 2026-09-12)
58,markets,Bloomberg Television,3270000,3.27M,1480000000,1.48B,97.52K,Center/Institutional,,SocialBlade US News & Politics top 100 by subscribers (fetched 2026-09-12)
59,rubinreport,The Rubin Report,3230000,3.23M,2670000000,2.67B,11.07K,Right,Right commentary,SocialBlade US News & Politics top 100 by subscribers (fetched 2026-09-12)
60,dailywire,The Daily Wire,3230000,3.23M,1100000000,1.1B,8.26K,Right,Right media,SocialBlade US News & Politics top 100 by subscribers (fetched 2026-09-12)
61,primerimpacto,Primer Impacto,3220000,3.22M,1620000000,1.62B,20.55K,Non-US / International,,SocialBlade US News & Politics top 100 by subscribers (fetched 2026-09-12)
62,whitehouse,The White House,3140000,3.14M,236660000,236.66M,2.2K,Center/Institutional,Institutional government,SocialBlade US News & Politics top 100 by subscribers (fetched 2026-09-12)
63,crimepatrolofficial,Crime Patrol,3100000,3.1M,160290000,160.29M,4.31K,Non-political / other,,SocialBlade US News & Politics top 100 by subscribers (fetched 2026-09-12)
64,rfaburmese,RFA လွတ်လပ်တဲ့အာရှအသံ,3060000,3.06M,1250000000,1.25B,28.13K,Non-US / International,,SocialBlade US News & Politics top 100 by subscribers (fetched 2026-09-12)
65,conservativetwins,Conservative Twins,2980000,2.98M,903280000,903.28M,2.53K,Right,Right commentary,SocialBlade US News & Politics top 100 by subscribers (fetched 2026-09-12)
66,scarce,Scarce,2920000,2.92M,196150000,196.15M,678,Non-political / other,,SocialBlade US News & Politics top 100 by subscribers (fetched 2026-09-12)
67,candaceowenspodcast,Candace Owens Podcast,2900000,2.9M,83320000,83.32M,10,Right,Right commentary,SocialBlade US News & Politics top 100 by subscribers (fetched 2026-09-12)
68,clearvaluetax9382,ClearValue Tax,2890000,2.89M,97490000,97.49M,170,Right,,SocialBlade US News & Politics top 100 by subscribers (fetched 2026-09-12)
69,redactednews,Redacted,2880000,2.88M,982520000,982.52M,6.02K,Right,,SocialBlade US News & Politics top 100 by subscribers (fetched 2026-09-12)
70,washingtonpost,Washington Post,2860000,2.86M,1700000000,1.7B,24.99K,Center/Institutional,,SocialBlade US News & Politics top 100 by subscribers (fetched 2026-09-12)
71,cbnnewsonline,CBN News,2860000,2.86M,1240000000,1.24B,45.86K,Right,,SocialBlade US News & Politics top 100 by subscribers (fetched 2026-09-12)
72,bloomberg-news,Bloomberg News,2850000,2.85M,1860000000,1.86B,40.45K,Center/Institutional,,SocialBlade US News & Politics top 100 by subscribers (fetched 2026-09-12)
73,11alive,11Alive,2830000,2.83M,1750000000,1.75B,164.67K,Center/Institutional,,SocialBlade US News & Politics top 100 by subscribers (fetched 2026-09-12)
74,abc7ny,Eyewitness News ABC7NY,2790000,2.79M,2770000000,2.77B,43.74K,Center/Institutional,,SocialBlade US News & Politics top 100 by subscribers (fetched 2026-09-12)
75,newsnation,NewsNation,2760000,2.76M,1930000000,1.93B,88.03K,Center/Institutional,,SocialBlade US News & Politics top 100 by subscribers (fetched 2026-09-12)
76,city42lahore,City 42,2740000,2.74M,895670000,895.67M,206.17K,Non-US / International,,SocialBlade US News & Politics top 100 by subscribers (fetched 2026-09-12)
77,michaelknowles,Michael Knowles,2610000,2.61M,1410000000,1.41B,9.57K,Right,,SocialBlade US News & Politics top 100 by subscribers (fetched 2026-09-12)
78,newsmaxtv,Newsmax,2590000,2.59M,992910000,992.91M,61.69K,Right,,SocialBlade US News & Politics top 100 by subscribers (fetched 2026-09-12)
79,news1tvbangla,News1 TV,2570000,2.57M,629720000,629.72M,9.18K,Non-US / International,,SocialBlade US News & Politics top 100 by subscribers (fetched 2026-09-12)
80,nypost,New York Post,2560000,2.56M,2300000000,2.3B,45.7K,Right,,SocialBlade US News & Politics top 100 by subscribers (fetched 2026-09-12)
81,ajplus,AJ+,2530000,2.53M,732520000,732.52M,7.13K,Left,,SocialBlade US News & Politics top 100 by subscribers (fetched 2026-09-12)
82,shoe0nhead,Shoe0nHead,2510000,2.51M,253500000,253.5M,126,Right,,SocialBlade US News & Politics top 100 by subscribers (fetched 2026-09-12)
83,courttv,COURT TV,2450000,2.45M,1160000000,1.16B,14.96K,Center/Institutional,,SocialBlade US News & Politics top 100 by subscribers (fetched 2026-09-12)
84,mubasherlucmanofficial,Mubasher Lucman Official,2430000,2.43M,496590000,496.59M,6.47K,Non-US / International,,SocialBlade US News & Politics top 100 by subscribers (fetched 2026-09-12)
85,oneindia,Oneindia News,2420000,2.42M,1170000000,1.17B,82.44K,Non-US / International,,SocialBlade US News & Politics top 100 by subscribers (fetched 2026-09-12)
86,imrankhanofficialchannel,Imran Khan,2380000,2.38M,317270000,317.27M,8.77K,Non-US / International,,SocialBlade US News & Politics top 100 by subscribers (fetched 2026-09-12)
87,mirrornow,MIRROR NOW,2330000,2.33M,1240000000,1.24B,149.66K,Non-US / International,,SocialBlade US News & Politics top 100 by subscribers (fetched 2026-09-12)
88,macknack,Майкл Наки,2300000,2.3M,2109999999,2.11B,4.09K,Non-US / International,,SocialBlade US News & Politics top 100 by subscribers (fetched 2026-09-12)
89,voachinese,美国之音中文网,2290000,2.29M,1400000000,1.4B,79.78K,Non-US / International,,SocialBlade US News & Politics top 100 by subscribers (fetched 2026-09-12)
90,omtvreal,Om TV,2290000,2.29M,2190000000,2.19B,17.55K,Non-US / International,,SocialBlade US News & Politics top 100 by subscribers (fetched 2026-09-12)
91,7news,7NEWS Australia,2250000,2.25M,1580000000,1.58B,46.31K,Non-US / International,,SocialBlade US News & Politics top 100 by subscribers (fetched 2026-09-12)
92,nowthis,NowThis,2230000,2.23M,159350000,159.35M,2.05K,Left,,SocialBlade US News & Politics top 100 by subscribers (fetched 2026-09-12)
93,zainabsabah9031,زينب صباح / Zainab Sabah,2230000,2.23M,149980000,149.98M,95,Non-US / International,,SocialBlade US News & Politics top 100 by subscribers (fetched 2026-09-12)
94,blazetv,BlazeTV,2230000,2.23M,1080000000,1.08B,15.96K,Right,,SocialBlade US News & Politics top 100 by subscribers (fetched 2026-09-12)
95,mekameleen,Mekameleen TV — قناة مكملين الفضائية,2200000,2.2M,756870000,756.87M,73.43K,Non-US / International,,SocialBlade US News & Politics top 100 by subscribers (fetched 2026-09-12)
96,wfaa8,WFAA,2180000,2.18M,2220000000,2.22B,121.06K,Center/Institutional,,SocialBlade US News & Politics top 100 by subscribers (fetched 2026-09-12)
97,ebcworld,EBC,2170000,2.17M,662090000,662.09M,83.7K,Non-US / International,,SocialBlade US News & Politics top 100 by subscribers (fetched 2026-09-12)
98,chinauncensored,China Uncensored,2150000,2.15M,626660000,626.66M,2.6K,Right,,SocialBlade US News & Politics top 100 by subscribers (fetched 2026-09-12)
99,thehill,The Hill,2150000,2.15M,1790000000,1.79B,46.71K,Center/Institutional,,SocialBlade US News & Politics top 100 by subscribers (fetched 2026-09-12)
100,maxvelocitywx,Max Velocity - Severe Weather Center,2140000,2.14M,483160000,483.16M,2.26K,Non-political / other,,SocialBlade US News & Politics top 100 by subscribers (fetched 2026-09-12)
