rank_in_side,channel,lean,subscribers,subscribers_display,total_views,total_views_display,category_note,source,confidence
1,Turning Point USA,Right,7670000,7.67M,3530000000,3.53B,Right activist / Charlie Kirk org,SocialBlade US News&Politics list 2026-09-12,high
2,Ben Shapiro,Right,6980000,6.98M,4790000000,4.79B,Right commentary / Daily Wire,SocialBlade US News&Politics list 2026-09-12,high
3,Benny Johnson,Right,6100000,6.1M,5028466191,5.03B,Right activist commentary,SocialBlade handle @bennyjohnson 2026-09-12,high
4,Candace Owens,Right,6080000,6.08M,1560000000,1.56B,Right commentary,SocialBlade US News&Politics list 2026-09-12,high
5,StevenCrowder,Right,5910000,5.91M,2095577901,2.1B,Right comedy-commentary,SocialBlade handle @stevencrowder 2026-09-12,high
6,Charlie Kirk,Right,5890000,5.89M,1380000000,1.38B,Right activist commentary,SocialBlade US News&Politics list 2026-09-12,high
7,Tucker Carlson,Right,5750000,5.75M,1694567255,1.69B,Right commentary,SocialBlade handle @tuckercarlson 2026-09-12,high
8,Megyn Kelly,Right,4150000,4.15M,3380000000,3.38B,Right/center-right commentary,SocialBlade US News&Politics list 2026-09-12,high
9,Donald J Trump,Right,3960000,3.96M,933880000,933.9M,Right / official political,SocialBlade US News&Politics list 2026-09-12,high
10,The Officer Tatum,Right,3840000,3.84M,2216562832,2.22B,Right commentary,SocialBlade handle @theofficertatum 2026-09-12,high
11,PragerU,Right,3470000,3.47M,2721401425,2.72B,Right educational/activist media,SocialBlade handle @prageru 2026-09-12,high
12,Matt Walsh,Right,3460000,3.46M,1554401786,1.55B,Right commentary / Daily Wire,SocialBlade handle @mattwalsh 2026-09-12,high
13,The Daily Wire,Right,3230000,3.23M,1100000000,1.1B,Right media network,SocialBlade US News&Politics list 2026-09-12,high
14,The Rubin Report,Right,3230000,3.23M,2670000000,2.67B,Right/classical-liberal commentary,SocialBlade US News&Politics list 2026-09-12,high
15,Conservative Twins,Right,2980000,2.98M,903280000,903.3M,Right commentary (Hodgetwins main listing),SocialBlade US News&Politics list 2026-09-12,high
16,Redacted,Right,2880000,2.88M,982520000,982.5M,Right-leaning alternative news/commentary,SocialBlade US News&Politics list 2026-09-12,medium
17,Michael Knowles,Right,2610000,2.61M,1410000000,1.41B,Right commentary / Daily Wire,SocialBlade US News&Politics list 2026-09-12,high
18,Newsmax,Right,2590000,2.59M,992910000,992.9M,Right cable/news,SocialBlade US News&Politics list 2026-09-12,high
19,Shoe0nHead,Right,2510000,2.51M,253504005,253.5M,Right-adjacent anti-woke commentary,SocialBlade handle @shoe0nhead 2026-09-12,medium
20,Next News Network,Right,2240000,2.24M,238816255,238.8M,Right news commentary,SocialBlade handle @nextnewsnetwork 2026-09-12,high
21,BlazeTV,Right,2230000,2.23M,1079267056,1.08B,Right media network,SocialBlade handle @blazetv 2026-09-12,high
22,China Uncensored,Right,2150000,2.15M,626655779,626.7M,Right-leaning anti-CCP commentary (often coded right-adjacent),SocialBlade handle @chinauncensored 2026-09-12,medium
23,Right Side Broadcasting Network,Right,2080000,2.08M,557732629,557.7M,Right Trump-rally / MAGA coverage,SocialBlade handle @rsbn 2026-09-12,high
24,Tucker Carlson Network,Right,2030000,2.03M,636065132,636.1M,Right commentary network,SocialBlade handle @tcnetwork 2026-09-12,high
25,Mark Dice,Right,1900000,1.9M,709267901,709.3M,Right commentary,SocialBlade handle @markdice 2026-09-12,high
26,Glenn Beck,Right,1790000,1.79M,701453623,701.5M,Right commentary,SocialBlade handle @glennbeck 2026-09-12,high
27,BlackConservative24,Right,1700000,1.7M,,,Right commentary,Feedspot conservative list 2026 (~1.7M),medium
28,Blaire White,Right,1500000,1.5M,,,Right commentary,Feedspot conservative list 2026 (~1.5M),medium
29,Tim Pool (Timcast),Right,1460000,1.46M,564473890,564.5M,Right/independent right-leaning commentary,SocialBlade handle @timcast 2026-09-12,high
30,Hodgetwins (secondary handle),Right,1340000,1.34M,240693491,240.7M,Right commentary — may overlap audience with Conservative Twins listing,SocialBlade handle @hodgetwins 2026-09-12,medium
31,Bill O'Reilly,Right,1120000,1.12M,591354991,591.4M,Right commentary,SocialBlade handle @billoreilly 2026-09-12,high
32,Liberty Hangout,Right,1120000,1.12M,214376268,214.4M,Right/libertarian-right commentary,SocialBlade handle @libertyhangout 2026-09-12,high
33,Anthony Brian Logan,Right,1100000,1.1M,,,Right commentary,Feedspot conservative/political list 2026 (~1.1M),medium
34,FreedomToons,Right,1090000,1.09M,310982362,311M,Right comedy/animation commentary,SocialBlade handle @freedomtoons 2026-09-12,high
35,Black Conservative Perspective,Right,1000000,1M,1210820522,1.21B,Right commentary,SocialBlade handle @blackconservativeperspective 2026-09-12,high
36,Allie Beth Stuckey,Right,744000,744K,,,Right commentary,Feedspot conservative list 2026,medium
37,Lauren Southern,Right,691000,691K,,,Right commentary,Feedspot right-wing list 2026 (~691–693K),medium
38,A Righteous Perspective,Right,663000,663K,,,Right commentary,Feedspot conservative list 2026,medium
39,James Klug,Right,637000,637K,,,Right commentary,Feedspot conservative list 2026,medium
40,Conservative Vibes,Right,604000,604K,,,Right commentary,Feedspot conservative list 2026,medium
41,Pierre Poilievre,Right,601000,601K,,,Right / Canadian Conservative politician,Feedspot conservative list 2026,medium
42,Roaming Millennial,Right,572000,572K,,,Right commentary,Feedspot political list 2026,medium
43,Hunter Avallone,Right,537000,537K,,,Right commentary,Feedspot right-wing list 2026,low
44,John Doyle,Right,366000,366K,,,Right commentary,Feedspot conservative list 2026,medium
45,Pop & Politics,Right,234000,234K,,,Right commentary,Feedspot conservative list 2026,medium
46,Kevin's Corner,Right,196000,196K,,,Right commentary,Feedspot conservative list 2026,low
47,Matt Goodwin,Right,164000,164K,,,Right / UK conservative commentary,Feedspot conservative list 2026,low
48,Mark Kaye,Right,122000,122K,,,Right commentary,Feedspot conservative list 2026,low
49,Hugh Hewitt,Right,105000,105K,,,Right commentary,Feedspot conservative list 2026,low
50,Stu Does America,Right,105000,105K,,,Right commentary,Feedspot conservative list 2026,low
